LANGUAGE,English,French,Italian,Spanish,German,Czech,Polish,Russian
STR_DISP_MAIN_OPTIONS,OPTIONS,OPTIONS,OPZIONI,OPCIONES,OPTIONEN,NASTAVENÍ,OPCJE,НАСТРОЙКИ
STR_DISP_OPTIONS_TITLE,Options,Options,Opzioni,Opciones,Optionen,Nastavení,Opcje,Настройки
STR_DISP_MAIN_OPT_AUDIO,Audio,Options audio,Opzioni audio,Opciones de sonido,Audio-Optionen,Zvuk,Dźwięk,Звук
STR_DISP_OPTIONS_AUDIO,Audio options,Options audio,Opzioni audio,Opciones de sonido,Audio-Optionen,Zvuk,Opcje dźwiękowe,Звук
STR_DISP_MAIN_OPT_DISPLAY,Display,Affichage,Video,Pantalla,Anzeige,Zobrazení,Obraz,Экран
STR_DISP_MAIN_OPT_GRAPHICS,Graphics,Graphismes,Grafica,Gráficos,Grafik,Grafika,Grafika,Графика
STR_DISP_MAIN_OPT_GAME,Game,Jeu,Gioco,Juego,Spiel,Hra,Gra,Игра
STR_DISP_OPTIONS_DIFFICULTY,Difficulty,Difficulté,Difficoltà,Dificultad,Schwierigkeitsgrad,Obtížnost,Trudność,Сложность
STR_DISP_MAIN_OPT_SYSTEM_DEFAULT,System default,Par défaut du système,Predefinito di sistema,Predeterminado del sistema,Systemstandard,Výchozí nastavení systému,Domyślne ustawienie systemu,Системное значение
STR_DISP_MAIN_OPT_DISPLAY_NATIVE,Native,Natif,Nativa,Nativo,Nativ,Nativní,Natywne,Нативное
STR_DISP_MAIN_OPT_DISPLAY_FULLSCREEN,Fullscreen,Plein écran,Schermo intero,Pantalla completa,Vollbild,Celá obrazovka,Pełny ekran,Полный экран
STR_DISP_MAIN_OPT_DISPLAY_BORDERLESS,Exclusive Fullscreen,Plein écran exclusif,Schermo intero esclusivo,Pantalla completa exclusiva,Exklusiver Vollbildmodus,Exkluzivní celá obrazovka,Pełny ekran ekskluzywny,Эксклюзивный полный экран
STR_DISP_MAIN_OPT_DISPLAY_MONITOR,Monitor,Moniteur,Monitor,Monitor,Monitor,Monitor,Monitor,Монитор
STR_DISP_MAIN_OPT_DISPLAY_MONITOR_DESC,Display the game uses for rendering.,Moniteur utilisé par le jeu pour le rendu.,Monitor usato dal gioco per il rendering.,Monitor que usa el juego para renderizar.,Monitor den das Spiel zum Rendern verwendet.,Monitor použitý pro vykreslování hry.,Monitor używany przez grę do renderowania.,"Монитор, который игра использует для вывода."
STR_DISP_MAIN_OPT_DISPLAY_MONITOR_FALLBACK,Monitor,Moniteur,Monitor,Monitor,Monitor,Monitor,Monitor,Монитор
STR_DISP_MAIN_OPT_DISPLAY_MONITOR_ENTRY_FORMAT,%s (%dx%d),%s (%dx%d),%s (%dx%d),%s (%dx%d),%s (%dx%d),%s (%dx%d),%s (%dx%d),%s (%dx%d)
STR_DISP_MAIN_OPT_DISPLAY_WINDOW_MODE,Window Mode,Mode d'affichage,Modalità finestra,Modo de ventana,Fenstermodus,Režim okna,Tryb okna,Оконный режим
STR_DISP_MAIN_OPT_DISPLAY_WINDOW_MODE_DESC,"Fullscreen, Exclusive Fullscreen, or Window presentation mode.","Mode d'affichage plein écran, plein écran exclusif ou fenêtre.","Modalità di presentazione a schermo intero, schermo intero esclusivo o finestra.","Modo de presentación en pantalla completa, pantalla completa exclusiva o ventana.","Darstellungsmodus: Vollbild, exklusiver Vollbildmodus oder Fenster.","Režim zobrazení: celá obrazovka, exkluzivní celá obrazovka nebo okno.","Tryb wyświetlania: pełny ekran, pełny ekran ekskluzywny lub okno.","Режим отображения: полный экран, эксклюзивный полный экран или окно."
STR_DISP_MAIN_OPT_DISPLAY_WINDOWED,Window,Fenêtre,Finestra,Ventana,Fenster,Okno,Okno,Окно
STR_DISP_MAIN_OPT_DISPLAY_STYLE,Aspect Handling,Gestion du format,Gestione formato,Gestión de aspecto,Seitenverhältnis,Chování poměru stran,Obsługa proporcji,Обработка формата
STR_DISP_MAIN_OPT_DISPLAY_STYLE_DESC,Adaptive keeps the world undistorted and lets the HUD width limit control very wide screens. Original stretches the HUD like the classic game.,Adaptatif garde le monde sans déformation et laisse la limite HUD contrôler les écrans très larges. Original étire le HUD comme le jeu classique.,Adattiva mantiene il mondo non distorto e lascia al limite HUD il controllo degli schermi molto larghi. Originale allunga l'HUD come il gioco classico.,Adaptativo mantiene el mundo sin deformar y permite que el límite del HUD controle pantallas muy anchas. Original estira el HUD como el juego clásico.,"Adaptiv hält die Welt unverzerrt und lässt die HUD-Breitenbegrenzung sehr breite Bildschirme steuern. Original streckt das HUD wie das klassische Spiel.","Přizpůsobené nechá svět bez zkreslení a limit šířky HUD řídí velmi široké obrazovky. Původní roztáhne HUD jako klasická hra.","Adaptacyjne utrzymuje świat bez zniekształceń, a limit szerokości HUD steruje bardzo szerokimi ekranami. Oryginalne rozciąga HUD jak klasyczna gra.","Адаптивный режим сохраняет мир без искажений, а лимит ширины HUD управляет очень широкими экранами. Оригинальный растягивает HUD как классическая игра."
STR_DISP_MAIN_OPT_DISPLAY_STYLE_MODERN,Adaptive,Adaptatif,Adattiva,Adaptativo,Adaptiv,Přizpůsobené,Adaptacyjne,Адаптивно
STR_DISP_MAIN_OPT_DISPLAY_STYLE_CLASSIC,Original (stretched HUD),Original (HUD étiré),Originale (HUD allungato),Original (HUD estirado),Original (gestrecktes HUD),Původní (roztažený HUD),Oryginalne (rozciągnięty HUD),Оригинал (растянутый HUD)
STR_DISP_MAIN_OPT_DISPLAY_ULTRAWIDE_CLAMP,HUD Width Limit,Limite largeur HUD,Limite larghezza HUD,Límite de anchura HUD,HUD-Breitenlimit,Limit šířky HUD,Limit szerokości HUD,Лимит ширины HUD
STR_DISP_MAIN_OPT_DISPLAY_ULTRAWIDE_CLAMP_DESC,Adaptive-only limit for HUD/UI width on ultrawide screens. Off uses the full screen width.,Limite disponible en mode Adaptatif pour la largeur HUD/interface sur les écrans ultralarges. Désactivé utilise toute la largeur.,Limite solo Adattiva per larghezza HUD/interfaccia su schermi ultrawide. Disattivato usa tutta la larghezza.,Límite solo de Adaptativo para la anchura del HUD/interfaz en pantallas ultrapanorámicas. Desactivado usa toda la anchura.,"Nur bei Adaptiv: Begrenzung der HUD/UI-Breite auf Ultrawide-Bildschirmen. Aus nutzt die volle Breite.","Limit šířky HUD/UI na ultraširokých obrazovkách jen pro Přizpůsobené. Vypnuto používá plnou šířku.","Limit szerokości HUD/UI na ekranach ultrawide tylko w trybie adaptacyjnym. Wyłączone używa pełnej szerokości.","Лимит ширины HUD/UI на сверхшироких экранах только для адаптивного режима. Выкл. использует всю ширину."
STR_DISP_MAIN_OPT_DISPLAY_CLAMP_21X9,21:9,21:9,21:9,21:9,21:9,21:9,21:9,21:9
STR_DISP_MAIN_OPT_DISPLAY_CLAMP_16X9,16:9,16:9,16:9,16:9,16:9,16:9,16:9,16:9
STR_DISP_MAIN_OPT_DISPLAY_RESOLUTION,Resolution,Résolution,Risoluzione,Resolución,Auflösung,Rozlišení,Rozdzielczość,Разрешение
STR_DISP_MAIN_OPT_DISPLAY_RESOLUTION_DESC,Display resolution. Enabled only in Exclusive Fullscreen; Native uses the monitor desktop mode. Disabled in Fullscreen and Window.,Résolution d'affichage. Activée uniquement en plein écran exclusif ; Natif utilise le mode du bureau du moniteur. Désactivée en plein écran et en fenêtre.,Risoluzione di visualizzazione. Abilitata solo a schermo intero esclusivo; Nativa usa la modalità desktop del monitor. Disabilitata in schermo intero e finestra.,Resolución de pantalla. Activada solo en pantalla completa exclusiva; Nativo usa el modo de escritorio del monitor. Desactivada en pantalla completa y ventana.,Anzeigeauflösung. Nur im exklusiven Vollbildmodus aktiviert; Nativ verwendet den Desktopmodus des Monitors. In Vollbild und Fenster deaktiviert.,Rozlišení zobrazení. Zapnuto pouze v exkluzivní celé obrazovce; Nativní používá režim plochy monitoru. V celé obrazovce a okně vypnuto.,Rozdzielczość obrazu. Włączona tylko w pełnym ekranie ekskluzywnym; Natywne używa trybu pulpitu monitora. Wyłączona w pełnym ekranie i oknie.,Разрешение экрана. Доступно только в эксклюзивном полном экране; режим «Нативное» использует разрешение рабочего стола монитора. Отключено в полноэкранном и оконном режимах.
STR_DISP_MAIN_OPT_DISPLAY_REFRESH_RATE,Refresh Rate,Taux de rafraîchissement,Frequenza di aggiornamento,Frecuencia de actualización,Bildwiederholrate,Obnovovací frekvence,Częstotliwość odświeżania,Частота обновления
STR_DISP_MAIN_OPT_DISPLAY_REFRESH_RATE_DESC,Monitor refresh rate. Enabled only in Exclusive Fullscreen; System default uses the desktop rate.,Fréquence de rafraîchissement du moniteur. Activée uniquement en plein écran exclusif ; Par défaut du système utilise la fréquence du bureau.,Frequenza di aggiornamento del monitor. Abilitata solo a schermo intero esclusivo; Predefinito di sistema usa la frequenza del desktop.,Frecuencia de actualización del monitor. Activada solo en pantalla completa exclusiva; Predeterminado del sistema usa la frecuencia del escritorio.,Bildwiederholrate des Monitors. Nur im exklusiven Vollbildmodus aktiviert; Systemstandard verwendet die Desktop-Rate.,Obnovovací frekvence monitoru. Zapnuta pouze v exkluzivní celé obrazovce; Výchozí nastavení systému používá frekvenci plochy.,Częstotliwość odświeżania monitora. Włączona tylko w pełnym ekranie ekskluzywnym; ustawienie systemowe używa częstotliwości pulpitu.,Частота обновления монитора. Доступна только в эксклюзивном полном экране; системное значение использует частоту рабочего стола.
STR_DISP_MAIN_OPT_DISPLAY_REFRESH_RATE_FORMAT,%d Hz,%d Hz,%d Hz,%d Hz,%d Hz,%d Hz,%d Hz,%d Hz
STR_DISP_MAIN_OPT_DISPLAY_APPLY,Apply,Appliquer,Applica,Aplicar,Übernehmen,Použít,Zastosuj,Применить
STR_DISP_MAIN_OPT_DISPLAY_APPLY_DESC,Commit the pending changes. Reverts after 15 s if unconfirmed.,Valider les changements en attente. Restauration après 15 s sans confirmation.,Conferma le modifiche in sospeso. Ripristina dopo 15 s se non confermate.,Confirma los cambios pendientes. Se revierten tras 15 s si no se confirman.,Übernimmt die ausstehenden Änderungen. Ohne Bestätigung wird nach 15 s zurückgesetzt.,"Potvrdí čekající změny. Pokud je nepotvrdíte, po 15 s se vrátí zpět.",Potwierdza oczekujące zmiany. Bez potwierdzenia zostaną cofnięte po 15 s.,"Подтверждает ожидающие изменения. Без подтверждения откат через 15 с."
STR_DISP_MAIN_OPT_CONFIRM_REVERT_TITLE,Keep these display settings?,Conserver ces paramètres d'affichage ?,Mantenere queste impostazioni video?,¿Mantener esta configuración de pantalla?,Diese Anzeigeeinstellungen beibehalten?,Ponechat tato nastavení zobrazení?,Zachować te ustawienia obrazu?,Оставить эти параметры экрана?
STR_DISP_MAIN_OPT_CONFIRM_REVERT_KEEP,Keep,Conserver,Mantieni,Mantener,Beibehalten,Ponechat,Zachowaj,Оставить
STR_DISP_MAIN_OPT_CONFIRM_REVERT_REVERT,Revert,Rétablir,Ripristina,Revertir,Zurücksetzen,Vrátit zpět,Przywróć,Откатить
STR_DISP_MAIN_OPT_CONFIRM_REVERT_COUNTDOWN,Reverting in %d s.,Rétablissement dans %d s.,Ripristino tra %d s.,Revirtiendo en %d s.,Zurücksetzen in %d s.,Vrácení za %d s.,Przywracanie za %d s.,Откат через %d с.
STR_DISP_MAIN_OPT_CLOSE_DESC,Return to the Options menu.,Retour au menu Options.,Torna al menu Opzioni.,Volver al menú de Opciones.,Zurück zum Optionsmenü.,Návrat do nabídky Nastavení.,Powrót do menu opcji.,Вернуться в меню настроек.
STR_DISP_MAIN_OPT_MIC_TEST_TITLE,Microphone Test,Test du microphone,Test microfono,Prueba de micrófono,Mikrofontest,Test mikrofonu,Test mikrofonu,Проверка микрофона
STR_DISP_MAIN_OPT_MIC_TEST_BODY,Speak - you should hear yourself.,Parlez - vous devriez vous entendre.,Parla - dovresti sentirti.,Habla: deberías oírte.,Sprechen Sie - Sie sollten sich selbst hören.,Promluvte – měli byste se slyšet.,Mów — powinieneś usłyszeć siebie.,Скажите что-нибудь — вы должны услышать себя.
STR_DISP_MAIN_OPT_AUDIO_OUTPUT,Output device,Périphérique de sortie,Dispositivo di uscita,Dispositivo de salida,Ausgabegerät,Výstupní zařízení,Urządzenie wyjściowe,Устройство вывода
STR_DISP_MAIN_OPT_AUDIO_OUTPUT_DESC,Where game audio is sent.,Destination du son du jeu.,Destinazione dell'audio di gioco.,Destino del audio del juego.,Wohin der Spielton ausgegeben wird.,Kam hra posílá zvuk.,Dokąd trafia dźwięk gry.,Куда выводится звук игры.
STR_DISP_MAIN_OPT_AUDIO_MUSIC,Music,Musique,Musica,Música,Musik,Hudba,Muzyka,Музыка
STR_DISP_MAIN_OPT_AUDIO_MUSIC_DESC,Volume of in-game music and menus.,Volume de la musique du jeu et des menus.,Volume della musica di gioco e dei menu.,Volumen de la música del juego y los menús.,Lautstärke von Musik und Menüs.,Hlasitost hudby ve hře a v nabídkách.,Głośność muzyki w grze i menu.,Громкость игровой музыки и меню.
STR_DISP_MAIN_OPT_AUDIO_EFFECTS,Effects,Effets,Effetti,Efectos,Effekte,Efekty,Efekty,Эффекты
STR_DISP_MAIN_OPT_AUDIO_EFFECTS_DESC,Volume of weapons vehicles and world.,"Volume des armes, véhicules et sons du monde.","Volume di armi, veicoli e mondo di gioco.","Volumen de armas, vehículos y entorno.","Lautstärke von Waffen, Fahrzeugen und Umwelt.","Hlasitost zbraní, vozidel a okolního světa.","Głośność broni, pojazdów i otoczenia.","Громкость оружия, техники и окружающего мира."
STR_DISP_MAIN_OPT_AUDIO_SPEECH,Speech / VoN,Radio / VoN,Radio / VoN,Radio / VoN,Funk / VoN,Rádio / VoN,Radio / VoN,Радио / VoN
STR_DISP_MAIN_OPT_AUDIO_SPEECH_DESC,Volume of radio chatter and VoN.,Volume de la radio et de la VoN.,Volume della radio e del VoN.,Volumen de la radio y de VoN.,Lautstärke von Funk und VoN.,Hlasitost rádiové komunikace a VoN.,Głośność radia i VoN.,Громкость радио и VoN.
STR_DISP_MAIN_OPT_AUDIO_EAX,3D Audio (EAX),Audio 3D (EAX),Audio 3D (EAX),Audio 3D (EAX),3D-Audio (EAX),3D zvuk (EAX),Dźwięk 3D (EAX),3D-звук (EAX)
STR_DISP_MAIN_OPT_AUDIO_EAX_DESC,Hardware reverb and positional effects via OpenAL EFX.,Réverbération matérielle et effets de position via OpenAL EFX.,Riverbero hardware ed effetti posizionali tramite OpenAL EFX.,Reverberación por hardware y efectos posicionales mediante OpenAL EFX.,Hardware-Hall und Positionseffekte über OpenAL EFX.,Hardwarový dozvuk a prostorové efekty přes OpenAL EFX.,Sprzętowy pogłos i efekty pozycjonowania przez OpenAL EFX.,Аппаратная реверберация и позиционные эффекты через OpenAL EFX.
STR_DISP_MAIN_OPT_AUDIO_MICROPHONE,Microphone,Microphone,Microfono,Micrófono,Mikrofon,Mikrofon,Mikrofon,Микрофон
STR_DISP_MAIN_OPT_AUDIO_MICROPHONE_DESC,Microphone used for VoN.,Microphone utilisé pour la VoN.,Microfono usato per il VoN.,Micrófono usado para VoN.,Für VoN verwendetes Mikrofon.,Mikrofon používaný pro VoN.,Mikrofon używany przez VoN.,"Микрофон, используемый для VoN."
STR_DISP_MAIN_OPT_AUDIO_INPUT_LEVEL,Input level,Niveau d'entrée,Livello input,Nivel de entrada,Eingangspegel,Vstupní úroveň,Poziom wejścia,Уровень входа
STR_DISP_MAIN_OPT_AUDIO_INPUT_LEVEL_DESC,Live input level. Speak to test.,Niveau d'entrée en direct. Parlez pour tester.,Livello di ingresso in tempo reale. Parla per provare.,Nivel de entrada en tiempo real. Habla para probar.,Aktueller Eingangspegel. Sprechen Sie zum Testen.,Aktuální úroveň vstupu. Promluvte pro vyzkoušení.,"Bieżący poziom wejścia. Mów, aby sprawdzić.","Текущий уровень входа. Говорите для проверки."
STR_DISP_MAIN_OPT_AUDIO_TEST_MIC,Test Microphone,Tester le micro,Prova microfono,Probar micrófono,Mikrofon testen,Test mikrofonu,Test mikrofonu,Проверить микрофон
STR_DISP_MAIN_OPT_AUDIO_TEST_MIC_DESC,Open a sidetone test so you can hear yourself echoed back.,Ouvre un test de retour pour vous entendre en écho.,Apre un test di ritorno per sentire la tua voce in eco.,Abre una prueba de retorno para que te oigas con eco.,"Öffnet einen Mithörtest, damit Sie sich mit Echo hören.","Otevře test odposlechu, abyste slyšeli svůj hlas zpětně.","Otwiera test odsłuchu, abyś słyszał swój głos z echem.","Открывает тест самопрослушивания, чтобы вы услышали свой голос с эхом."
STR_DISP_MAIN_OPT_GAME_TEXT_LANGUAGE,Text language,Langue du texte,Lingua del testo,Idioma del texto,Textsprache,Jazyk textu,Język tekstu,Язык текста
STR_DISP_MAIN_OPT_GAME_TEXT_LANGUAGE_DESC,Switch UI and HUD text immediately.,Change immédiatement les textes de l'interface et du HUD.,Cambia subito i testi dell'interfaccia e dell'HUD.,Cambia de inmediato los textos de la interfaz y del HUD.,Schaltet UI- und HUD-Texte sofort um.,Okamžitě přepne texty rozhraní a HUDu.,Natychmiast przełącza tekst interfejsu i HUD.,Сразу переключает текст интерфейса и HUD.
STR_DISP_MAIN_OPT_GAME_VOICE_LANGUAGE,Voice-over language,Langue des voix,Lingua del doppiaggio,Idioma de las voces,Sprachausgabe,Jazyk dabingu,Język dubbingu,Язык озвучки
STR_DISP_MAIN_OPT_GAME_VOICE_LANGUAGE_DESC,Preferred spoken language for voice content.,Langue parlée préférée pour les voix.,Lingua parlata preferita per i contenuti vocali.,Idioma hablado preferido para el contenido de voz.,Bevorzugte gesprochene Sprache für Sprachinhalte.,Preferovaný jazyk mluveného obsahu.,Preferowany język materiałów głosowych.,Предпочитаемый язык голосового контента.
STR_DISP_MAIN_OPT_GAME_VIEW_DISTANCE,Visibility distance,Distance de visibilité,Distanza visiva,Distancia de visibilidad,Sichtweite,Viditelnost,Odległość widoczności,Дальность видимости
STR_DISP_MAIN_OPT_GAME_VIEW_DISTANCE_DESC,Preferred view distance in metres when the mission does not override it.,Distance de vue préférée en mètres quand la mission ne la remplace pas.,Distanza visiva preferita in metri quando la missione non la sostituisce.,Distancia de visión preferida en metros cuando la misión no la sustituye.,Bevorzugte Sichtweite in Metern wenn die Mission sie nicht überschreibt.,Preferovaná dohlednost v metrech pokud ji mise nepřepíše.,Preferowana odległość widoczności w metrach jeśli misja jej nie nadpisze.,Предпочтительная дальность видимости в метрах если миссия её не переопределяет.
STR_DISP_MAIN_OPT_GAME_VIEW_DISTANCE_FORMAT,%d m,%d m,%d m,%d m,%d m,%d m,%d m,%d м
STR_DISP_MAIN_OPT_GAME_RESPECT_MISSION_VIEW_DISTANCE,Respect mission visibility,Respecter la visibilité de la mission,Rispetta la visibilità della missione,Respetar visibilidad de la misión,Sichtweite der Mission respektieren,Respektovat viditelnost mise,Szanuj widoczność misji,Учитывать видимость миссии
STR_DISP_MAIN_OPT_GAME_RESPECT_MISSION_VIEW_DISTANCE_DESC,If enabled use the mission-authored visibility distance before start.,Si activé utilise la distance de visibilité définie par la mission avant le départ.,Se attivo usa la distanza visiva definita dalla missione prima dell'avvio.,Si está activado usa la distancia de visibilidad definida por la misión antes de empezar.,Wenn aktiviert wird vor dem Start die von der Mission vorgegebene Sichtweite verwendet.,Je-li zapnuto použije se před startem dohlednost nastavená misí.,Jeśli włączone przed startem używana jest odległość widoczności ustawiona przez misję.,Если включено перед стартом используется заданная миссией дальность видимости.
STR_DISP_MAIN_OPT_GAME_BLOOD,Blood,Sang,Sangue,Sangre,Blut,Krev,Krew,Кровь
STR_DISP_MAIN_OPT_GAME_BLOOD_DESC,Toggle blood effects in gameplay.,Active ou désactive les effets de sang en jeu.,Attiva o disattiva gli effetti di sangue nel gioco.,Activa o desactiva los efectos de sangre en el juego.,Schaltet Bluteffekte im Spiel ein oder aus.,Zapne nebo vypne krvavé efekty ve hře.,Włącza lub wyłącza efekty krwi w grze.,Включает или выключает кровь в игре.
STR_DISP_MAIN_OPT_GAME_SUBTITLES,Subtitles,Sous-titres,Sottotitoli,Subtítulos,Untertitel,Titulky,Napisy,Субтитры
STR_DISP_MAIN_OPT_GAME_SUBTITLES_DESC,Show mission and cutscene subtitles.,Affiche les sous-titres des missions et cinématiques.,Mostra i sottotitoli di missioni e filmati.,Muestra subtítulos de misiones y escenas.,Zeigt Untertitel in Missionen und Zwischensequenzen an.,Zobrazuje titulky misí a filmečků.,Pokazuje napisy w misjach i scenkach.,Показывает субтитры в миссиях и роликах.
STR_DISP_MAIN_OPT_GAME_RADIO_SUBTITLES,Radio subtitles,Sous-titres radio,Sottotitoli radio,Subtítulos de radio,Funkuntertitel,Titulky rádia,Napisy radiowe,Субтитры радио
STR_DISP_MAIN_OPT_GAME_RADIO_SUBTITLES_DESC,Show radio message subtitles in the chat list.,Affiche les sous-titres radio dans la liste de discussion.,Mostra i sottotitoli radio nella lista chat.,Muestra subtítulos de radio en la lista de chat.,Zeigt Funkuntertitel in der Chatliste an.,Zobrazuje titulky rádia v seznamu chatu.,Pokazuje napisy radiowe na liście czatu.,Показывает субтитры радио в списке чата.
STR_DISP_MAIN_OPT_GRAPHICS_QUALITY_PRESET,Quality Preset,Préréglage de qualité,Preset qualità,Preajuste de calidad,Qualitätsvorgabe,Předvolba kvality,Ustawienie jakości,Профиль качества
STR_DISP_MAIN_OPT_GRAPHICS_QUALITY_PRESET_DESC,Sets the four quality tiers below to a known bundle. Touching any tier row drops the preset to Custom.,Définit les quatre niveaux de qualité ci-dessous sur un préréglage connu. Modifier une ligne passe le préréglage sur Personnalisé.,Imposta i quattro livelli di qualità qui sotto su un profilo noto. Modificare una riga imposta il preset su Personalizzato.,Establece los cuatro niveles de calidad siguientes en un perfil conocido. Tocar cualquier fila cambia el preajuste a Personalizado.,"Setzt die vier untenstehenden Qualitätsstufen auf ein bekanntes Profil. Wird eine Zeile geändert, wechselt die Vorgabe zu Benutzerdefiniert.",Nastaví čtyři níže uvedené úrovně kvality na známý profil. Změna kterékoliv z nich přepne předvolbu na Vlastní.,Ustawia cztery poniższe poziomy jakości na znany profil. Zmiana dowolnego wiersza przełącza ustawienie na Własne.,"Устанавливает четыре уровня качества ниже на известный профиль. Изменение любой строки переводит профиль в режим «Свои настройки»."
STR_DISP_MAIN_OPT_GRAPHICS_TERRAIN_DETAIL,Terrain Detail,Détail du terrain,Dettaglio terreno,Detalle del terreno,Geländedetail,Detail terénu,Szczegóły terenu,Детализация ландшафта
STR_DISP_MAIN_OPT_GRAPHICS_TERRAIN_DETAIL_DESC,"Terrain mesh density. Lower means a coarser ground silhouette but cheaper rendering.","Densité du maillage du terrain. Plus bas donne un relief plus grossier mais coûte moins à rendre.","Densità della mesh del terreno. Un valore più basso dà un profilo del suolo più grossolano ma costa meno da renderizzare.","Densidad de la malla del terreno. Un valor más bajo da un contorno del suelo más basto pero abarata el renderizado.","Dichte des Geländenetzes. Niedriger bedeutet gröbere Bodensilhouetten, ist aber günstiger zu rendern.","Hustota sítě terénu. Nižší hodnota znamená hrubší obrys země, ale levnější vykreslování.","Gęstość siatki terenu. Niższa wartość daje bardziej zgrubny zarys gruntu, ale tańsze renderowanie.","Плотность сетки ландшафта. Меньшее значение делает силуэт земли грубее, но удешевляет рендеринг."
STR_DISP_MAIN_OPT_GRAPHICS_OBJECT_LOD,Object LOD,LOD des objets,LOD oggetti,LOD de objetos,Objekt-LOD,LOD objektů,LOD obiektów,LOD объектов
STR_DISP_MAIN_OPT_GRAPHICS_OBJECT_LOD_DESC,Bias for entity LOD selection. Higher means finer geometry at the same distance.,Biais de sélection du LOD des objets. Plus haut donne une géométrie plus fine à distance égale.,Bias per la selezione del LOD degli oggetti. Un valore più alto mantiene geometrie più fini alla stessa distanza.,Ajuste de la selección de LOD de entidades. Un valor mayor mantiene geometría más detallada a la misma distancia.,Verschiebung der Objekt-LOD-Auswahl. Höher bedeutet feinere Geometrie bei gleicher Entfernung.,Posun výběru LOD objektů. Vyšší hodnota znamená jemnější geometrii na stejné vzdálenosti.,Przesunięcie wyboru LOD obiektów. Wyższa wartość oznacza dokładniejszą geometrię przy tej samej odległości.,Смещение выбора LOD объектов. Большее значение даёт более детальную геометрию на той же дистанции.
STR_DISP_MAIN_OPT_GRAPHICS_SHADOW_QUALITY,Shadow Quality,Qualité des ombres,Qualità ombre,Calidad de sombras,Schattenqualität,Kvalita stínů,Jakość cieni,Качество теней
STR_DISP_MAIN_OPT_GRAPHICS_SHADOW_QUALITY_DESC,Whether dynamic objects and vehicles cast shadows.,Définit si les objets dynamiques et les véhicules projettent des ombres.,"Stabilisce se oggetti dinamici e veicoli proiettano ombre.","Determina si los objetos dinámicos y los vehículos proyectan sombras.","Legt fest, ob dynamische Objekte und Fahrzeuge Schatten werfen.","Určuje, zda dynamické objekty a vozidla vrhají stíny.","Określa, czy dynamiczne obiekty i pojazdy rzucają cienie.","Определяет, отбрасывают ли динамические объекты и техника тени."
STR_DISP_MAIN_OPT_GRAPHICS_PARTICLES,Particles & Volumetrics,Particules et volumétrie,Particelle e volumetria,Partículas y volumétricos,Partikel und Volumetrik,Částice a volumetrika,Cząsteczki i efekty objętościowe,Частицы и объёмные эффекты
STR_DISP_MAIN_OPT_GRAPHICS_PARTICLES_DESC,Cloudlets smoke dust and muzzle flashes.,"Nuages de particules, fumée, poussière et flashes de bouche.","Nuvolette, fumo, polvere e bagliori degli spari.","Nubes de partículas, humo, polvo y fogonazos.","Wolkenpartikel, Rauch, Staub und Mündungsfeuer.","Oblačnost, kouř, prach a záblesky výstřelů.","Obłoki cząsteczek, dym, kurz i błyski wystrzałów.","Облака частиц, дым, пыль и вспышки выстрелов."
STR_DISP_MAIN_OPT_GRAPHICS_VSYNC,VSync,VSync,VSync,VSync,VSync,VSync,VSync,VSync
STR_DISP_MAIN_OPT_GRAPHICS_VSYNC_DESC,Synchronise frame presentation to the monitor refresh. Adaptive falls back to On when the GPU cannot keep up.,Synchronise l'affichage des images sur le rafraîchissement du moniteur. Adaptatif repasse sur Activé si le GPU ne suit plus.,Sincronizza la presentazione dei fotogrammi con la frequenza del monitor. Adattiva torna su Attivo quando la GPU non riesce a stare al passo.,Sincroniza la presentación de fotogramas con la frecuencia del monitor. Adaptativo vuelve a Activado cuando la GPU no puede seguir el ritmo.,"Synchronisiert die Bildausgabe mit der Bildwiederholrate des Monitors. Adaptiv fällt auf Ein zurück, wenn die GPU nicht nachkommt.","Synchronizuje vykreslování snímků s obnovovací frekvencí monitoru. Adaptivní režim se při nestíhání GPU vrací na Zapnuto.","Synchronizuje prezentację klatek z częstotliwością monitora. Tryb adaptacyjny wraca do Włączone, gdy GPU nie nadąża.","Синхронизирует вывод кадров с частотой монитора. Адаптивный режим возвращается к «Вкл.», когда GPU не успевает."
STR_DISP_MAIN_OPT_GRAPHICS_FPS_CAP,FPS Cap,Limite FPS,Limite FPS,Límite de FPS,FPS-Limit,Limit FPS,Limit FPS,Ограничение FPS
STR_DISP_MAIN_OPT_GRAPHICS_FPS_CAP_DESC,Soft frame-rate cap via sleep-to-target. Unlimited removes the cap.,Limite logicielle de fréquence via attente vers la cible. Illimité supprime la limite.,Limite morbido del frame rate tramite attesa verso il target. Illimitato rimuove il limite.,Límite suave de fotogramas mediante espera al objetivo. Sin límite quita el tope.,Weiches Framerate-Limit per Schlaf bis zum Ziel. Unbegrenzt entfernt das Limit.,Měkký limit snímkové frekvence pomocí čekání na cíl. Bez omezení limit vypne.,Miękki limit liczby klatek przez oczekiwanie do celu. Bez limitu wyłącza ograniczenie.,Мягкое ограничение частоты кадров через ожидание целевого значения. Без ограничений снимает лимит.
STR_DISP_MAIN_OPT_GRAPHICS_BRIGHTNESS,Brightness,Luminosité,Luminosità,Brillo,Helligkeit,Jas,Jas,Яркость
STR_DISP_MAIN_OPT_GRAPHICS_BRIGHTNESS_DESC,Uniform multiplier in the post pass.,Multiplicateur uniforme dans le post-traitement.,Moltiplicatore uniforme nel post-processo.,Multiplicador uniforme en el posprocesado.,Einheitlicher Multiplikator im Post-Processing.,Jednotný násobitel v postprocesu.,Jednolity mnożnik w postprocessingu.,Единый множитель в постобработке.
STR_DISP_MAIN_OPT_GRAPHICS_GAMMA,Gamma,Gamma,Gamma,Gamma,Gamma,Gama,Gamma,Гамма
STR_DISP_MAIN_OPT_GRAPHICS_GAMMA_DESC,Display LUT gamma curve.,Courbe gamma de la LUT d'affichage.,Curva gamma della LUT di visualizzazione.,Curva gamma de la LUT de pantalla.,Gamma-Kurve der Anzeige-LUT.,Křivka gama v zobrazovací LUT.,Krzywa gamma tablicy LUT ekranu.,Гамма-кривая LUT дисплея.
STR_DISP_MAIN_OPT_VALUE_OFF,Off,Désactivé,Disattivato,Desactivado,Aus,Vypnuto,Wyłączone,Выкл.
STR_DISP_MAIN_OPT_VALUE_ON,On,Activé,Attivo,Activado,Ein,Zapnuto,Włączone,Вкл.
STR_DISP_MAIN_OPT_VALUE_CUSTOM,Custom,Personnalisé,Personalizzato,Personalizado,Benutzerdefiniert,Vlastní,Własne,Свои настройки
STR_DISP_MAIN_OPT_VALUE_LOW,Low,Faible,Basso,Bajo,Niedrig,Nízká,Niska,Низкое
STR_DISP_MAIN_OPT_VALUE_MEDIUM,Medium,Moyen,Medio,Medio,Mittel,Střední,Średnia,Среднее
STR_DISP_MAIN_OPT_VALUE_HIGH,High,Élevé,Alto,Alto,Hoch,Vysoká,Wysoka,Высокое
STR_DISP_MAIN_OPT_VALUE_ULTRA,Ultra,Ultra,Ultra,Ultra,Ultra,Ultra,Ultra,Ультра
STR_DISP_MAIN_OPT_VALUE_ADAPTIVE,Adaptive,Adaptatif,Adattiva,Adaptativo,Adaptiv,Adaptivní,Adaptacyjne,Адаптивно
STR_DISP_MAIN_OPT_VALUE_UNLIMITED,Unlimited,Illimité,Illimitato,Sin límite,Unbegrenzt,Bez omezení,Bez limitu,Без ограничений
STR_DISP_OPT_CONTROLS,Controls,Commandes,Comandi,Controles,Steuerung,Ovládání,Sterowanie,Управление
STR_DISP_OPT_CTL_KBM,Keyboard & Mouse,Clavier et souris,Tastiera e mouse,Teclado y ratón,Tastatur und Maus,Klávesnice a myš,Klawiatura i mysz,Клавиатура и мышь
STR_DISP_OPT_CTL_MOUSE,Mouse,Souris,Mouse,Ratón,Maus,Myš,Mysz,Мышь
STR_DISP_OPT_CTL_GAMEPAD,Gamepad,Manette,Gamepad,Mando,Gamepad,Gamepad,Gamepad,Геймпад
STR_DISP_OPT_CTL_GAMEPAD_TUNING,Gamepad Tuning,Réglages manette,Configurazione gamepad,Ajustes mando,Gamepad-Einstellungen,Nastavení gamepadu,Strojenie gamepada,Настройка геймпада
STR_DISP_OPT_CTL_RESET_ALL,Reset all to defaults,Tout réinitialiser,Ripristina tutto,Restaurar todo,Alle zurücksetzen,Resetovat vše,Resetuj wszystko,Сбросить всё
STR_DISP_OPT_CTL_RESET_CAT,Reset (this category),Réinitialiser (cette catégorie),Reimposta (categoria),Restaurar (esta categoría),Diese Kategorie zurücksetzen,Resetovat (kategorie),Resetuj (kategorię),Сбросить (категорию)
STR_DISP_OPT_CTL_CATEGORY,Category,Catégorie,Categoria,Categoría,Kategorie,Kategorie,Kategoria,Категория
STR_DISP_OPT_CTL_CAT_ONFOOT,On foot,À pied,A piedi,A pie,Zu Fuß,Pěšky,Pieszo,Пешком
STR_DISP_OPT_CTL_CAT_VEHICLES,Vehicles,Véhicules,Veicoli,Vehículos,Fahrzeuge,Vozidla,Pojazdy,Транспорт
STR_DISP_OPT_CTL_CAT_PILOT,Pilot,Pilote,Pilota,Piloto,Pilot,Pilot,Pilot,Пилот
STR_DISP_OPT_CTL_CAT_GUNNER,Gunner,Tireur,Mitragliere,Artillero,Schütze,Střelec,Strzelec,Стрелок
STR_DISP_OPT_CTL_CAT_COMMON,Common,Commun,Comune,Común,Allgemein,Společné,Wspólne,Общие
STR_DISP_OPT_CTL_GAMEPAD_GROUP_MOVEMENT,Movement,Mouvement,Movimento,Movimiento,Bewegung,Pohyb,Ruch,Движение
STR_DISP_OPT_CTL_GAMEPAD_GROUP_AIM,Aim,Visée,Mira,Apuntar,Zielen,Míření,Celowanie,Прицеливание
STR_DISP_OPT_CTL_GAMEPAD_GROUP_FREELOOK,Freelook,Vue libre,Visuale libera,Vista libre,Umschauen,Volný pohled,Swobodne rozglądanie,Свободный обзор
STR_DISP_OPT_CTL_CATEGORY_DESC,Filter the binding list by activity context.,Filter the binding list by activity context.,Filter the binding list by activity context.,Filter the binding list by activity context.,Filter the binding list by activity context.,Filtrovat seznam přiřazení podle kontextu činnosti.,Filter the binding list by activity context.,Filter the binding list by activity context.
STR_DISP_OPT_CTL_BINDING_DESC,Press Enter to rebind. Esc to cancel during capture.,Press Enter to rebind. Esc to cancel during capture.,Press Enter to rebind. Esc to cancel during capture.,Press Enter to rebind. Esc to cancel during capture.,Press Enter to rebind. Esc to cancel during capture.,Stiskněte Enter pro nové přiřazení. Esc zruší zachytávání.,Press Enter to rebind. Esc to cancel during capture.,Press Enter to rebind. Esc to cancel during capture.
STR_DISP_OPT_CTL_RESET_CAT_DESC,Restore default %s bindings for this category only.,Restore default %s bindings for this category only.,Restore default %s bindings for this category only.,Restore default %s bindings for this category only.,Restore default %s bindings for this category only.,Obnoví výchozí přiřazení %s jen pro tuto kategorii.,Restore default %s bindings for this category only.,Restore default %s bindings for this category only.
STR_DISP_OPT_DIFF_MODE_DESC,Choose which role preset you are editing.,Choose which role preset you are editing.,Choose which role preset you are editing.,Choose which role preset you are editing.,Choose which role preset you are editing.,"Vyberte, kterou roli právě upravujete.",Choose which role preset you are editing.,Choose which role preset you are editing.
STR_DISP_OPT_DIFF_SETTING_DESC,Toggle this setting for the currently selected role.,Toggle this setting for the currently selected role.,Toggle this setting for the currently selected role.,Toggle this setting for the currently selected role.,Toggle this setting for the currently selected role.,Přepíná toto nastavení pro právě vybranou roli.,Toggle this setting for the currently selected role.,Toggle this setting for the currently selected role.
STR_DISP_OPT_DIFF_RESET_DESC,Restore the original difficulty defaults for the selected role.,Restore the original difficulty defaults for the selected role.,Restore the original difficulty defaults for the selected role.,Restore the original difficulty defaults for the selected role.,Restore the original difficulty defaults for the selected role.,Obnoví původní výchozí obtížnost pro vybranou roli.,Restore the original difficulty defaults for the selected role.,Restore the original difficulty defaults for the selected role.
STR_DISP_OPT_MOUSE_REVERSE_Y,Y-axis inversion,Y-axis inversion,Y-axis inversion,Y-axis inversion,Y-axis inversion,Inverze osy Y,Y-axis inversion,Y-axis inversion
STR_DISP_OPT_MOUSE_REVERSE_Y_DESC,Invert vertical mouse motion - pushing the mouse forward looks down.,Invert vertical mouse motion - pushing the mouse forward looks down.,Invert vertical mouse motion - pushing the mouse forward looks down.,Invert vertical mouse motion - pushing the mouse forward looks down.,Invert vertical mouse motion - pushing the mouse forward looks down.,Obrátí svislý pohyb myši - posunutí myši dopředu sklopí pohled dolů.,Invert vertical mouse motion - pushing the mouse forward looks down.,Invert vertical mouse motion - pushing the mouse forward looks down.
STR_DISP_OPT_MOUSE_SWAP_BUTTONS,Mouse buttons swap,Mouse buttons swap,Mouse buttons swap,Mouse buttons swap,Mouse buttons swap,Prohození tlačítek myši,Mouse buttons swap,Mouse buttons swap
STR_DISP_OPT_MOUSE_SWAP_BUTTONS_DESC,Swap left and right mouse buttons.,Swap left and right mouse buttons.,Swap left and right mouse buttons.,Swap left and right mouse buttons.,Swap left and right mouse buttons.,Prohodí levé a pravé tlačítko myši.,Swap left and right mouse buttons.,Swap left and right mouse buttons.
STR_DISP_OPT_MOUSE_SENSITIVITY_X,Mouse sensitivity X,Mouse sensitivity X,Mouse sensitivity X,Mouse sensitivity X,Mouse sensitivity X,Citlivost myši X,Mouse sensitivity X,Mouse sensitivity X
STR_DISP_OPT_MOUSE_SENSITIVITY_X_DESC,Horizontal mouse sensitivity. Range 0.5x to 2.0x.,Horizontal mouse sensitivity. Range 0.5x to 2.0x.,Horizontal mouse sensitivity. Range 0.5x to 2.0x.,Horizontal mouse sensitivity. Range 0.5x to 2.0x.,Horizontal mouse sensitivity. Range 0.5x to 2.0x.,"Vodorovná citlivost myši. Rozsah 0,5x až 2,0x.",Horizontal mouse sensitivity. Range 0.5x to 2.0x.,Horizontal mouse sensitivity. Range 0.5x to 2.0x.
STR_DISP_OPT_MOUSE_SENSITIVITY_Y,Mouse sensitivity Y,Mouse sensitivity Y,Mouse sensitivity Y,Mouse sensitivity Y,Mouse sensitivity Y,Citlivost myši Y,Mouse sensitivity Y,Mouse sensitivity Y
STR_DISP_OPT_MOUSE_SENSITIVITY_Y_DESC,Vertical mouse sensitivity. Range 0.5x to 2.0x.,Vertical mouse sensitivity. Range 0.5x to 2.0x.,Vertical mouse sensitivity. Range 0.5x to 2.0x.,Vertical mouse sensitivity. Range 0.5x to 2.0x.,Vertical mouse sensitivity. Range 0.5x to 2.0x.,"Svislá citlivost myši. Rozsah 0,5x až 2,0x.",Vertical mouse sensitivity. Range 0.5x to 2.0x.,Vertical mouse sensitivity. Range 0.5x to 2.0x.
STR_DISP_OPT_MOUSE_DPI,Mouse DPI,DPI de la souris,DPI del mouse,DPI del ratón,Maus-DPI,DPI myši,DPI myszy,DPI мыши
STR_DISP_OPT_MOUSE_DPI_DESC,Set this to your mouse's DPI (or close). Fine-tune with sensitivity for a smoother feel.,Réglez ceci sur le DPI de votre souris (ou proche). Affinez avec la sensibilité pour plus de fluidité.,Imposta questo sul DPI del tuo mouse (o simile). Regola con la sensibilità per maggiore fluidità.,Ajusta esto al DPI de tu ratón (o cercano). Afina con la sensibilidad para mayor suavidad.,Stelle dies auf die DPI deiner Maus (oder nahe dran). Justiere fein mit der Empfindlichkeit für ein flüssigeres Gefühl.,Nastavte na DPI vaší myši (nebo blízko). Dolaďte citlivostí pro plynulejší ovládání.,Ustaw na DPI swojej myszy (lub zbliżone). Dostrój czułością dla płynniejszego ruchu.,Укажите DPI вашей мыши (или близкое). Точно настройте чувствительностью для большей плавности.
STR_DISP_OPT_CTL_GAMEPAD_ENABLED,Gamepad enabled,Gamepad enabled,Gamepad enabled,Gamepad enabled,Gamepad enabled,Gamepad zapnut,Gamepad enabled,Gamepad enabled
STR_DISP_OPT_CTL_GAMEPAD_ENABLED_DESC,Master switch for gamepad input. Disable to ignore the controller entirely.,Master switch for gamepad input. Disable to ignore the controller entirely.,Master switch for gamepad input. Disable to ignore the controller entirely.,Master switch for gamepad input. Disable to ignore the controller entirely.,Master switch for gamepad input. Disable to ignore the controller entirely.,"Hlavní přepínač vstupu z gamepadu. Vypněte jej, chcete-li ovladač zcela ignorovat.",Master switch for gamepad input. Disable to ignore the controller entirely.,Master switch for gamepad input. Disable to ignore the controller entirely.
STR_DISP_OPT_CTL_GAMEPAD_STEERING,Gamepad steering,Gamepad steering,Gamepad steering,Gamepad steering,Gamepad steering,Gamepad steering,Gamepad steering,Gamepad steering
STR_DISP_OPT_CTL_GAMEPAD_STEERING_DESC,"Let the gamepad steer vehicles. Disabled: sticks and triggers never drive or fly; look and buttons still work.","Let the gamepad steer vehicles. Disabled: sticks and triggers never drive or fly; look and buttons still work.","Let the gamepad steer vehicles. Disabled: sticks and triggers never drive or fly; look and buttons still work.","Let the gamepad steer vehicles. Disabled: sticks and triggers never drive or fly; look and buttons still work.","Let the gamepad steer vehicles. Disabled: sticks and triggers never drive or fly; look and buttons still work.","Let the gamepad steer vehicles. Disabled: sticks and triggers never drive or fly; look and buttons still work.","Let the gamepad steer vehicles. Disabled: sticks and triggers never drive or fly; look and buttons still work.","Let the gamepad steer vehicles. Disabled: sticks and triggers never drive or fly; look and buttons still work."
STR_DISP_OPT_CTL_GAMEPAD_STICK_DEADZONE,Stick deadzone,Stick deadzone,Stick deadzone,Stick deadzone,Stick deadzone,Mrtvá zóna páčky,Stick deadzone,Stick deadzone
STR_DISP_OPT_CTL_GAMEPAD_STICK_DEADZONE_DESC,Center deadzone for the analog sticks. Range 0% to 50% of full deflection.,Center deadzone for the analog sticks. Range 0% to 50% of full deflection.,Center deadzone for the analog sticks. Range 0% to 50% of full deflection.,Center deadzone for the analog sticks. Range 0% to 50% of full deflection.,Center deadzone for the analog sticks. Range 0% to 50% of full deflection.,Středová mrtvá zóna analogových páček. Rozsah 0 % až 50 % plného vychýlení.,Center deadzone for the analog sticks. Range 0% to 50% of full deflection.,Center deadzone for the analog sticks. Range 0% to 50% of full deflection.
STR_DISP_OPT_CTL_GAMEPAD_TRIGGER_DEADZONE,Trigger deadzone,Trigger deadzone,Trigger deadzone,Trigger deadzone,Trigger deadzone,Mrtvá zóna spouští,Trigger deadzone,Trigger deadzone
STR_DISP_OPT_CTL_GAMEPAD_TRIGGER_DEADZONE_DESC,Activation threshold for the analog triggers. Range 0% to 50%.,Activation threshold for the analog triggers. Range 0% to 50%.,Activation threshold for the analog triggers. Range 0% to 50%.,Activation threshold for the analog triggers. Range 0% to 50%.,Activation threshold for the analog triggers. Range 0% to 50%.,Aktivační práh analogových spouští. Rozsah 0 % až 50 %.,Activation threshold for the analog triggers. Range 0% to 50%.,Activation threshold for the analog triggers. Range 0% to 50%.
STR_DISP_OPT_CTL_GAMEPAD_LOOK_SENSITIVITY,Look sensitivity,Look sensitivity,Look sensitivity,Look sensitivity,Look sensitivity,Citlivost rozhlížení,Look sensitivity,Look sensitivity
STR_DISP_OPT_CTL_GAMEPAD_LOOK_SENSITIVITY_DESC,Right-stick look-aim sensitivity. Range 0.1x to 5.0x.,Right-stick look-aim sensitivity. Range 0.1x to 5.0x.,Right-stick look-aim sensitivity. Range 0.1x to 5.0x.,Right-stick look-aim sensitivity. Range 0.1x to 5.0x.,Right-stick look-aim sensitivity. Range 0.1x to 5.0x.,"Citlivost pravé páčky pro rozhlížení a míření. Rozsah 0,1x až 5,0x.",Right-stick look-aim sensitivity. Range 0.1x to 5.0x.,Right-stick look-aim sensitivity. Range 0.1x to 5.0x.
STR_DISP_OPT_CAP_PRESS_KEY,Press a key,Appuyez sur une touche,Premi un tasto,Pulsa una tecla,Drücke eine Taste,Stiskněte klávesu,Naciśnij klawisz,Нажмите клавишу
STR_DISP_OPT_CAP_PRESS_BUTTON,Press a button,Appuyez sur un bouton,Premi un pulsante,Pulsa un botón,Drücke eine Taste,Stiskněte tlačítko,Naciśnij przycisk,Нажмите кнопку
STR_DISP_OPT_CAP_CAPTURED,Captured: %s,Capturé : %s,Acquisito: %s,Capturado: %s,Erfasst: %s,Zachyceno: %s,Wykryto: %s,Захвачено: %s
STR_DISP_OPT_CAP_WAITING,Waiting for input.,En attente de saisie.,In attesa dell'input.,Esperando entrada.,Warte auf Eingabe.,Čekám na vstup.,Oczekiwanie na wejście.,Ожидание ввода.
STR_DISP_OPT_CAP_CONFLICT,"Already used for ""%s"".","Déjà utilisé pour « %s ».","Già usato per «%s».","Ya se usa para «%s».","Bereits verwendet für „%s“.","Již použito pro „%s“.","Już używane przez „%s”.","Уже используется для «%s»."
STR_DISP_OPT_CAP_SAVE,Save,Enregistrer,Salva,Guardar,Speichern,Uložit,Zapisz,Сохранить
STR_DISP_OPT_CAP_REPLACE,Replace,Remplacer,Sostituisci,Reemplazar,Ersetzen,Nahradit,Zamień,Заменить
STR_DISP_OPT_CAP_RETRY,Retry,Réessayer,Riprova,Reintentar,Erneut,Znovu,Powtórz,Повторить
STR_DISP_OPT_CAP_CANCEL,Cancel,Annuler,Annulla,Cancelar,Abbrechen,Zrušit,Anuluj,Отменить
STR_DISP_OPT_CONFIRM_RESET_TITLE,Reset all controls to defaults?,Réinitialiser toutes les commandes ?,Ripristinare tutti i controlli?,¿Restaurar todos los controles?,Alle Steuerungen zurücksetzen?,Resetovat všechna ovládání?,Resetować wszystkie sterowania?,Сбросить все настройки управления?
STR_DISP_OPT_CONFIRM_RESET_BODY,All keyboard / mouse bindings will be restored to their original values.,"Toutes les affectations clavier / souris reviendront à leurs valeurs d'origine.","Tutti i tasti e i pulsanti del mouse torneranno ai valori originali.","Todas las asignaciones de teclado / ratón volverán a sus valores originales.",Alle Tastatur- und Mauszuweisungen werden auf die Standardwerte zurückgesetzt.,Veškeré přiřazení kláves a myši se vrátí na výchozí hodnoty.,"Wszystkie przypisania klawiatury / myszy zostaną przywrócone do wartości domyślnych.","Все назначения клавиатуры и мыши будут восстановлены до исходных значений."
STR_DISP_OPT_CONFIRM_YES,Yes,Oui,Sì,Sí,Ja,Ano,Tak,Да
STR_DISP_OPT_CONFIRM_NO,No,Non,No,No,Nein,Ne,Nie,Нет
STR_USRACT_ZOOM_TEMP,Zoom in (temporary),Zoom in (temporary),Zoom in (temporary),Zoom in (temporary),Zoom in (temporary),Zoom in (temporary),Zoom in (temporary),Zoom in (temporary)
